Period,Uganda,South Africa,United Kingdom,Comparative governance reading
1977,—,"National Building Regulations and Building Standards Act 103 of 1977 establishes national statutory basis and municipal implementation model.",—,"South Africa develops early national codified architecture with decentralised implementation."
1984,—,—,"Building Act 1984 establishes core statutory basis for building control.","UK foundational statute predates modern risk-governance turn; later reforms layer onto this base."
2010,—,"Ongoing standards-linked implementation under NBR/SANS ecosystem.","Building Regulations 2010 consolidate and operationalise technical compliance framework.","UK and South Africa both exhibit strong technical-rule orientation before major lifecycle reforms."
2013,"Building Control Act, 2013 creates modern statutory foundation for approvals, committees, and enforcement powers.","Existing primary architecture continues with municipal enforcement variability.","Pre-Grenfell framework remains largely approval/compliance-centered.","Uganda enters formal first-generation modernisation phase later than comparator systems."
2018,—,—,"Hackitt Review reframes failures as systemic governance and accountability problems.","Critical policy pivot from code compliance to systemic risk governance logic."
2019,"National Building (Standards for Mechanical Installations in Buildings) Code (SI No. 60 of 2019).","Technical standards pathway remains mature but implementation uneven by locality.","Grenfell Inquiry outputs continue shaping reform agenda.","Uganda deepens technical delegation; UK accelerates accountability redesign."
2020,"Building Control Regulations, 2020 (SI No. 3 of 2020) operationalise procedures and compliance administration.","Continued operation of existing national-municipal architecture.","Transitional reform period between inquiry findings and major statutory overhaul.","Uganda consolidates permit/procedural governance; lifecycle obligations remain limited."
2022,—,—,"Building Safety Act 2022 introduces higher-risk building regime, expanded dutyholders, and stronger regulator architecture.","UK shifts decisively to risk-tiered lifecycle accountability for designated stock."
2023–2026,"Implementation and enforcement maturation phase under existing Ugandan framework; reform opportunity for occupation-phase governance.","Ongoing practical challenge of standards depth versus uneven local enforcement capacity.","Secondary instruments and regulator practice continue operationalising post-2022 architecture.","Comparative divergence becomes clearer: UK lifecycle depth, South Africa codification depth, Uganda reform window."
