Jurisdiction,Primary/secondary legal instrument,Doctrinal focus,Primary governance task in practice
Uganda,"Building Control Act, 2013","Statutory authority, approvals, institutional roles, enforcement powers","Establishes legal authority for development control and baseline compliance administration."
Uganda,"Building Control Regulations, 2020 (SI No. 3 of 2020)","Procedural and administrative operationalisation","Standardises submissions, inspections, and procedural compliance workflow."
Uganda,"National Building (Standards for Mechanical Installations in Buildings) Code, 2019 (SI No. 60 of 2019)","Technical system-specific standards","Extends safety control to mechanical systems and technical performance domains."
South Africa,"National Building Regulations and Building Standards Act 103 of 1977","National statutory framework with municipal implementation","Anchors legal enforceability of building standards and local control process."
South Africa,"National Building Regulations (under Act 103 of 1977)","Detailed technical and procedural requirements","Provides operational compliance criteria and approval benchmarks."
South Africa,"SANS-linked standards architecture","Codified technical pathways and deemed-to-satisfy mechanisms","Supports technical consistency in design and construction compliance assessment."
United Kingdom,"Building Act 1984 (as amended)","Foundational statutory building control powers","Supplies legal base for delegated technical and control instruments."
United Kingdom,"Building Regulations 2010 (as amended)","Technical compliance obligations and procedural requirements","Governs mainstream technical compliance and regulatory checkpoints."
United Kingdom,"Building Safety Act 2022 + associated delegated instruments","Higher-risk buildings, dutyholders, occupation-phase accountability","Creates lifecycle risk governance architecture and stronger regulator-centered oversight for higher-risk stock."
