source,url,publication_date,title,sentence,is_relevant,label_content,pred_content,conf_content,pred_semantic,conf_semantic,pred_final,conf_final,fusion_rule,month
The Observer,https://observer.ug/news/police-recover-gun-used-in-soroti-mobile-money-agent-murder/,2026-04-12,Police recover gun used in Soroti mobile money agent murder,"Kokunda’s smartphone was later discovered abandoned in a bush in Kichinjani Ward, Soroti City.",True,,delay_time_overrun,0.0,delay_time_overrun,0.09316491335630417,delay_time_overrun,0.523291228339076,agree,2026-04
The Observer,https://observer.ug/news/court-jails-ex-minister-nandutu-for-four-years-over-iron-sheets-theft/,2026-04-12,Court jails ex-minister Nandutu for four years over iron sheets theft,"The court noted that out of 10,000 iron sheets under the programme, only 1,000 reached the intended beneficiaries. “These are offices held in trust for the good of the people and the country,” Kajuga said. “The project was aimed at supporting disarmament and restoring peace.” The court applied the Constitution (Sentencing Guidelines) Practice Directions of 2013, weighing aggravating and mitigating factors.",True,,delay_time_overrun,0.9052723675939475,procurement_irregularity,0.22604244947433472,delay_time_overrun,0.9052723675939475,content_preferred,2026-04
The Observer,https://observer.ug/news/court-jails-ex-minister-nandutu-for-four-years-over-iron-sheets-theft/,2026-04-12,Court jails ex-minister Nandutu for four years over iron sheets theft,"It also held that, as a minister, she had a duty of the highest order to ensure proper implementation of public policy.",True,,delay_time_overrun,0.0,governance_oversight_failure,0.20064295828342438,governance_oversight_failure,0.5,semantic_override,2026-04
The Observer,https://observer.ug/news/food-prices-rise-in-nebbi-after-vendor-evictions/,2026-04-10,Food prices rise in Nebbi after vendor evictions,The Observer Food prices in Nebbi town have risen following the eviction of street vendors by municipal authorities.,True,land_row_dispute,delay_time_overrun,0.0,payment_financial_dispute,0.13271187245845795,delay_time_overrun,0.5,content_preferred,2026-04
The Observer,https://observer.ug/news/food-prices-rise-in-nebbi-after-vendor-evictions/,2026-04-10,Food prices rise in Nebbi after vendor evictions,"Residents say the eviction has affected food accessibility and affordability, forcing many to move longer distances in search of cheaper meals.",True,land_row_dispute,delay_time_overrun,0.0,land_row_dispute,0.15356364846229553,delay_time_overrun,0.5,content_preferred,2026-04
The Observer,https://observer.ug/news/food-prices-rise-in-nebbi-after-vendor-evictions/,2026-04-10,Food prices rise in Nebbi after vendor evictions,"Jeremy Akenda, a resident of Nebbi town, said accessing affordable food has become difficult since the eviction. “The established places where we used to eat local food at Shs 3,000 have raised the price to Shs 5,000, and it is likely to go higher because the local eating joints are no longer in town,” Akenda said.",True,land_row_dispute,delay_time_overrun,0.0,delay_time_overrun,0.09827083349227905,delay_time_overrun,0.5245677083730698,agree,2026-04
The Observer,https://observer.ug/news/food-prices-rise-in-nebbi-after-vendor-evictions/,2026-04-10,Food prices rise in Nebbi after vendor evictions,"Alice Giramiah, a food vendor along Arua Road in Nebbi municipality, said the eviction of kiosks in the town business centre has affected her business, noting that most of her customers were kiosk operators.",True,land_row_dispute,delay_time_overrun,0.0,land_row_dispute,0.17736640572547913,delay_time_overrun,0.5,content_preferred,2026-04
The Observer,https://observer.ug/news/food-prices-rise-in-nebbi-after-vendor-evictions/,2026-04-10,Food prices rise in Nebbi after vendor evictions,"She added that despite rising prices elsewhere, she has not increased her charges due to reduced customer turnout. “Before the eviction, I used to sell 5kg of meat daily, but after the eviction, I hardly sell 2kg because most of my customers are no longer available.",True,land_row_dispute,delay_time_overrun,0.0,contract_management_failure,0.23005443811416626,contract_management_failure,0.5,semantic_override,2026-04
The Observer,https://observer.ug/news/food-prices-rise-in-nebbi-after-vendor-evictions/,2026-04-10,Food prices rise in Nebbi after vendor evictions,"Another vendor, Evelyn Acen, said prices have increased significantly since the eviction.",True,land_row_dispute,delay_time_overrun,0.0,contract_management_failure,0.21579819917678833,contract_management_failure,0.5,semantic_override,2026-04
The Observer,https://observer.ug/news/food-prices-rise-in-nebbi-after-vendor-evictions/,2026-04-10,Food prices rise in Nebbi after vendor evictions,"Although authorities say the eviction is part of efforts to restore order and improve sanitation, vendors argue they play a vital role in providing affordable meals and are appealing for alternative spaces to operate.",True,land_row_dispute,delay_time_overrun,0.0,contract_management_failure,0.17844273149967194,delay_time_overrun,0.5,content_preferred,2026-04
The Observer,https://observer.ug/news/food-prices-rise-in-nebbi-after-vendor-evictions/,2026-04-10,Food prices rise in Nebbi after vendor evictions,"The eviction of kiosks and makeshift structures in the central business district is intended to pave way for infrastructure development, including the installation of streetlights, walkways and drainage systems along the 33-kilometre Alwi–Nebbi town road currently under construction by China Railway 18 Bureau Group.",True,land_row_dispute,delay_time_overrun,0.0,delay_time_overrun,0.22004130482673645,delay_time_overrun,0.5550103262066841,agree,2026-04
The Observer,https://observer.ug/news/nandutu-apologises-to-museveni-over-iron-sheets-theft-pleads-for-non-custodial-sentence/,2026-04-10,"Nandutu apologises to Museveni over iron sheet theft, pleads for non-custodial sentence","The prosecution team of state attorneys pushed for a deterrent sentence, arguing that Nandutu’s actions constituted a clear abuse of office and breach of public trust.",True,,delay_time_overrun,0.0,contract_management_failure,0.24961024522781372,contract_management_failure,0.5,semantic_override,2026-04
The Observer,https://observer.ug/news/nandutu-apologises-to-museveni-over-iron-sheets-theft-pleads-for-non-custodial-sentence/,2026-04-10,"Nandutu apologises to Museveni over iron sheet theft, pleads for non-custodial sentence","The state argued that although Nandutu is a first-time offender, the “premeditated and sophisticated” nature of the offence — including moving the iron sheets to a private farm for nine months — negated any claim of mistake. “This was not an impulsive act, but a carefully orchestrated course of conduct designed to evade scrutiny,” the prosecution submitted.",True,,delay_time_overrun,0.0,procurement_irregularity,0.13393014669418335,delay_time_overrun,0.5,content_preferred,2026-04
The Observer,https://observer.ug/news/nandutu-apologises-to-museveni-over-iron-sheets-theft-pleads-for-non-custodial-sentence/,2026-04-10,"Nandutu apologises to Museveni over iron sheet theft, pleads for non-custodial sentence","They argued that since government had been made whole through recoveries and compensation, a prison sentence would be unnecessarily punitive.",True,land_row_dispute,delay_time_overrun,0.0,land_row_dispute,0.23789271712303162,land_row_dispute,0.5,semantic_override,2026-04
The Observer,https://observer.ug/news/mubende-goats-introduced-in-zombo/,2026-04-09,Mubende goats introduced in Zombo,"Under the initiative, NARO trained the initial 15 beneficiaries under the Zombo Town Council Goat Farmers’ Group to pilot the project.",True,,delay_time_overrun,0.9052723675939475,land_row_dispute,0.17758533358573914,delay_time_overrun,0.9052723675939475,content_preferred,2026-04
The Observer,https://observer.ug/business/africa-pushes-for-new-global-financial-order-as-aid-models-face-scrutiny/,2026-04-10,Africa pushes for new global financial order as aid models face scrutiny,Analysts argue that this imbalance has left governments across the continent grappling with difficult choices between servicing external debt and funding essential public services such as healthcare and infrastructure.,True,,delay_time_overrun,0.0,governance_oversight_failure,0.2683800756931305,governance_oversight_failure,0.5,semantic_override,2026-04
The Observer,https://observer.ug/business/africa-pushes-for-new-global-financial-order-as-aid-models-face-scrutiny/,2026-04-10,Africa pushes for new global financial order as aid models face scrutiny,"With more than 60 per cent of the continent’s population under the age of 25, there is growing pressure to bridge the gap between youthful demographics and traditionally older political leadership structures.",True,,delay_time_overrun,0.0,governance_oversight_failure,0.14201384782791138,delay_time_overrun,0.5,content_preferred,2026-04
The Observer,https://observer.ug/business/euro-gold-to-refine-gold-for-bank-of-uganda/,2026-04-09,Euro Gold to refine gold for Bank of Uganda,"The Observer The Bank of Uganda (BoU) has signed a contract with Euro Gold Refinery to commence supply of refined gold under the Domestic Gold Purchase Programme, a move aimed at strengthening the country’s reserves and promoting value addition.",True,,procurement_irregularity,0.191137092247657,payment_financial_dispute,0.1967003345489502,procurement_irregularity,0.5,content_preferred,2026-04
The Observer,https://observer.ug/business/euro-gold-to-refine-gold-for-bank-of-uganda/,2026-04-09,Euro Gold to refine gold for Bank of Uganda,"According to Benard Feni, director of Euro Gold Refinery, the contract was awarded following a competitive bidding process open to eligible refineries. “The central bank made an open call for bids, and Euro Gold has won the contract.",True,,procurement_irregularity,0.191137092247657,procurement_irregularity,0.2674219310283661,procurement_irregularity,0.6146397558190058,agree,2026-04
The Observer,https://observer.ug/business/euro-gold-to-refine-gold-for-bank-of-uganda/,2026-04-09,Euro Gold to refine gold for Bank of Uganda,Feni described the contract as a major milestone for the refinery and a boost for local participation in the gold value chain. “We are very happy.,True,,procurement_irregularity,0.191137092247657,contract_management_failure,0.21394005417823792,procurement_irregularity,0.5,content_preferred,2026-04
The Observer,https://observer.ug/business/euro-gold-to-refine-gold-for-bank-of-uganda/,2026-04-09,Euro Gold to refine gold for Bank of Uganda,"He added that the refinery aims to position Uganda as a regional gold hub. “By 2030, we want Uganda to be known as a gold hub, not just exporting raw materials, but producing high-quality, 24-karat bullion for the global market,” Feni said.",True,,delay_time_overrun,0.0,contract_management_failure,0.0759754404425621,delay_time_overrun,0.5,content_preferred,2026-04
The Observer,https://observer.ug/business/euro-gold-to-refine-gold-for-bank-of-uganda/,2026-04-09,Euro Gold to refine gold for Bank of Uganda,"To strengthen the value chain, Euro Gold Refinery has partnered with local mining communities.",True,,delay_time_overrun,0.0,land_row_dispute,0.10397959500551224,delay_time_overrun,0.5,content_preferred,2026-04
The Observer,https://observer.ug/business/euro-gold-to-refine-gold-for-bank-of-uganda/,2026-04-09,Euro Gold to refine gold for Bank of Uganda,The refinery has also supported Kakoka artisanal miners in Abim to obtain a mining licence and signed agreements to supply gold.,True,,delay_time_overrun,0.0,payment_financial_dispute,0.15439604222774506,delay_time_overrun,0.5,content_preferred,2026-04
The Observer,https://observer.ug/business/euro-gold-to-refine-gold-for-bank-of-uganda/,2026-04-09,Euro Gold to refine gold for Bank of Uganda,"Feni said the refinery’s operations have created employment opportunities, with more than 70 per cent of its workforce comprising Ugandans trained to meet international standards. “We are helping miners move from raw gold to refined products so they can fetch better prices on the international market,” he said.",True,,delay_time_overrun,0.0,payment_financial_dispute,0.11093555390834808,delay_time_overrun,0.5,content_preferred,2026-04
The Observer,https://observer.ug/business/euro-gold-to-refine-gold-for-bank-of-uganda/,2026-04-09,Euro Gold to refine gold for Bank of Uganda,"This contract is a sign of trust in our ability to deliver quality,” Feni said.",True,,procurement_irregularity,0.191137092247657,contract_management_failure,0.3645789623260498,procurement_irregularity,0.5,content_preferred,2026-04
The Observer,https://observer.ug/business/euro-gold-to-refine-gold-for-bank-of-uganda/,2026-04-09,Euro Gold to refine gold for Bank of Uganda,"Euro Gold Refinery (U) SMC Ltd, Uganda’s first fully locally owned gold refinery, was launched in Kampala in July 2025 by the minister of Energy and Mineral Development, Ruth Nankabirwa.",True,,delay_time_overrun,0.0,governance_oversight_failure,0.04516288638114929,delay_time_overrun,0.5,content_preferred,2026-04
The Observer,https://observer.ug/business/musicians-should-think-beyond-miming-at-kwanjula-and-weddings/,2026-04-01,Musicians should think beyond miming at kwanjula and weddings,"Congolese musicians ruled the airwaves and the stages at Gaba beach, Nakivubo stadium and the beaches of Entebbe.",True,,delay_time_overrun,0.0,delay_time_overrun,0.040772341191768646,delay_time_overrun,0.5101930852979422,agree,2026-04
The Observer,https://observer.ug/business/totalenergies-revamps-lpg-filling-plant-in-jinja/,2026-03-31,TotalEnergies revamps LPG filling plant in Jinja,"The Observer TotalEnergies has commissioned a revamped Liquefied Petroleum Gas (LPG) filling and storage plant in Jinja, aimed at boosting supply of clean cooking energy in Uganda.",True,,delay_time_overrun,0.0,payment_financial_dispute,0.12136489152908325,delay_time_overrun,0.5,content_preferred,2026-03
The Observer,https://observer.ug/business/totalenergies-revamps-lpg-filling-plant-in-jinja/,2026-03-31,TotalEnergies revamps LPG filling plant in Jinja,"The facility, originally constructed in 2016 and scheduled to begin operations in 2017, reached full operational completion in December 2025 following refurbishment.",True,,delay_time_overrun,0.0,delay_time_overrun,0.335686057806015,delay_time_overrun,0.5839215144515038,agree,2026-03
The Observer,https://observer.ug/business/totalenergies-revamps-lpg-filling-plant-in-jinja/,2026-03-31,TotalEnergies revamps LPG filling plant in Jinja,"The upgraded plant is equipped with automated filling technology and enhanced safety systems designed to ensure accurate cylinder filling, prevent leakage and provide tamper-proof sealing.",True,,delay_time_overrun,0.0,quality_technical_defect,0.1747368723154068,delay_time_overrun,0.5,content_preferred,2026-03
The Observer,https://observer.ug/business/totalenergies-revamps-lpg-filling-plant-in-jinja/,2026-03-31,TotalEnergies revamps LPG filling plant in Jinja,"The facility sits on approximately five acres, part of which is currently used for production, with additional space reserved for future expansion.",True,,delay_time_overrun,0.0,delay_time_overrun,0.16424807906150818,delay_time_overrun,0.541062019765377,agree,2026-03
The Observer,https://observer.ug/business/totalenergies-revamps-lpg-filling-plant-in-jinja/,2026-03-31,TotalEnergies revamps LPG filling plant in Jinja,"It has a storage capacity of up to 140 tonnes of marketable gas before cylinder filling and can produce more than 40 tonnes per day, up from about 30 tonnes previously.",True,,delay_time_overrun,0.0,delay_time_overrun,0.07537594437599182,delay_time_overrun,0.518843986093998,agree,2026-03
The Observer,https://observer.ug/business/totalenergies-revamps-lpg-filling-plant-in-jinja/,2026-03-31,TotalEnergies revamps LPG filling plant in Jinja,"Daily cylinder output ranges between 40 and 50 tonnes depending on demand, with additional capacity available for other product lines.",True,,delay_time_overrun,0.0,quality_technical_defect,0.06442523002624512,delay_time_overrun,0.5,content_preferred,2026-03
The Observer,https://observer.ug/business/totalenergies-revamps-lpg-filling-plant-in-jinja/,2026-03-31,TotalEnergies revamps LPG filling plant in Jinja,"Olufemi Babajide, managing director of TotalEnergies Marketing Uganda Limited, said the investment reflects the company’s long-term commitment to supporting Uganda’s energy transition and expanding access to cleaner cooking solutions. “This refurbished plant reaffirms our commitment to deliver quality, reliable and clean energy to Ugandans, especially as the country prepares for local production of LPG in the oil region,” Babajide said.",True,,delay_time_overrun,0.0,procurement_irregularity,0.11208231747150421,delay_time_overrun,0.5,content_preferred,2026-03
The Observer,https://observer.ug/business/totalenergies-revamps-lpg-filling-plant-in-jinja/,2026-03-31,TotalEnergies revamps LPG filling plant in Jinja,"Biova Agbokou, executive vice president for TotalEnergies East and Central Africa, said the expanded facility supports the company’s ambition to provide 100 million people in Africa and India with access to clean cooking by 2030.",True,,delay_time_overrun,0.0,delay_time_overrun,0.07250221818685532,delay_time_overrun,0.5181255545467138,agree,2026-03
The Observer,https://observer.ug/business/totalenergies-revamps-lpg-filling-plant-in-jinja/,2026-03-31,TotalEnergies revamps LPG filling plant in Jinja,"He noted that wider adoption of LPG could reduce reliance on charcoal and firewood, cut carbon emissions and lower health risks associated with indoor air pollution.",True,,delay_time_overrun,0.0,governance_oversight_failure,0.07626499235630035,delay_time_overrun,0.5,content_preferred,2026-03
The Observer,https://observer.ug/business/totalenergies-revamps-lpg-filling-plant-in-jinja/,2026-03-31,TotalEnergies revamps LPG filling plant in Jinja,"Ben Kagonyera, manager for business development at the Uganda National Oil Company (UNOC), said the commissioning marks an important step in strengthening Uganda’s clean energy supply. “This investment is timely and complements efforts to promote clean cooking solutions and sustainable energy use,” Kagonyera said.",True,,delay_time_overrun,0.0,payment_financial_dispute,0.13348369300365448,delay_time_overrun,0.5,content_preferred,2026-03
The Observer,https://observer.ug/business/totalenergies-revamps-lpg-filling-plant-in-jinja/,2026-03-31,TotalEnergies revamps LPG filling plant in Jinja,"He added that UNOC’s partnership with TotalEnergies in the upstream sector could support future domestic LPG supply once oil production begins. “With the commencement of oil production, gas will also be produced.",True,,delay_time_overrun,0.0,contract_management_failure,0.14583313465118408,delay_time_overrun,0.5,content_preferred,2026-03
The Observer,https://observer.ug/business/totalenergies-revamps-lpg-filling-plant-in-jinja/,2026-03-31,TotalEnergies revamps LPG filling plant in Jinja,"This presents an opportunity for Uganda to supply locally produced gas to its citizens and improve access to LPG,” he said.",True,,delay_time_overrun,0.0,land_row_dispute,0.09589842706918716,delay_time_overrun,0.5,content_preferred,2026-03
The Observer,https://observer.ug/business/totalenergies-revamps-lpg-filling-plant-in-jinja/,2026-03-31,TotalEnergies revamps LPG filling plant in Jinja,"Kagonyera explained that LPG production will be linked to oil output, with excess gas expected to come on stream once oil production starts.",True,,delay_time_overrun,0.0,payment_financial_dispute,0.0905882865190506,delay_time_overrun,0.5,content_preferred,2026-03
The Observer,https://observer.ug/business/totalenergies-revamps-lpg-filling-plant-in-jinja/,2026-03-31,TotalEnergies revamps LPG filling plant in Jinja,TotalEnergies Marketing Uganda Limited has operated in Uganda since 1955 and currently runs more than 200 service stations across the country.,True,,delay_time_overrun,0.0,procurement_irregularity,0.06514701247215271,delay_time_overrun,0.5,content_preferred,2026-03
The Observer,https://observer.ug/business/totalenergies-revamps-lpg-filling-plant-in-jinja/,2026-03-31,TotalEnergies revamps LPG filling plant in Jinja,Your email address will not be published.,True,,delay_time_overrun,0.0,procurement_irregularity,0.11131931096315384,delay_time_overrun,0.5,content_preferred,2026-03
The Observer,https://observer.ug/business/totalenergies-revamps-lpg-filling-plant-in-jinja/,2026-03-31,TotalEnergies revamps LPG filling plant in Jinja,"Required fields are marked * Comment * Name * Email * Website Save my name, email, and website in this browser for the next time I comment. Δ Sign up and get daily updates right to your inbox.",True,,delay_time_overrun,0.0,quality_technical_defect,0.07187946140766144,delay_time_overrun,0.5,content_preferred,2026-03
The Observer,https://observer.ug/business/uganda-has-enough-fuel-stock-until-may-govt/,2026-03-31,Uganda has enough fuel stock until May – govt,"The ministry added that incoming shipments scheduled for April will boost national stocks, with more than 350 million litres of petroleum products expected to arrive through Kenya’s coastal infrastructure.",True,,delay_time_overrun,0.0,delay_time_overrun,0.13652221858501434,delay_time_overrun,0.5341305546462536,agree,2026-03
The Observer,https://observer.ug/business/economics-of-forgiveness-a-final-chance-to-reset-your-business-debt/,2026-03-29,Economics of forgiveness: A final chance to reset your business debt,"It is, in many ways, a bridge between enforcement and cooperation, a recognition that while compliance is mandatory, achieving it sometimes requires flexibility.",True,,delay_time_overrun,0.0,governance_oversight_failure,0.2760767340660095,governance_oversight_failure,0.5,semantic_override,2026-03
The Observer,https://observer.ug/business/investments-in-small-scale-industries-could-lead-to-improved-incomes/,2026-03-29,Investments in small-scale industries could lead to improved incomes,We have always had one international airport at Entebbe and some airfields in many parts of the country.,True,,delay_time_overrun,0.0,delay_time_overrun,0.020685188472270966,delay_time_overrun,0.5051712971180677,agree,2026-03
The Observer,https://observer.ug/business/investments-in-small-scale-industries-could-lead-to-improved-incomes/,2026-03-29,Investments in small-scale industries could lead to improved incomes,Construction of an international airport is underway in Kabaale just outside Hoima ostensibly to support the oil and gas sector.,True,,delay_time_overrun,0.0,delay_time_overrun,0.13093718886375427,delay_time_overrun,0.5327342972159386,agree,2026-03
The Observer,https://observer.ug/business/investments-in-small-scale-industries-could-lead-to-improved-incomes/,2026-03-29,Investments in small-scale industries could lead to improved incomes,The proposers of the airport claim that this is an existing gap.,True,,delay_time_overrun,0.0,delay_time_overrun,0.2897990345954895,delay_time_overrun,0.5724497586488724,agree,2026-03
The Observer,https://observer.ug/business/investments-in-small-scale-industries-could-lead-to-improved-incomes/,2026-03-29,Investments in small-scale industries could lead to improved incomes,I am also not sure whether it makes sense to build an international airport whose main business is refueling flights from South America.,True,,delay_time_overrun,0.0,delay_time_overrun,0.09006432443857193,delay_time_overrun,0.522516081109643,agree,2026-03
The Observer,https://observer.ug/business/investments-in-small-scale-industries-could-lead-to-improved-incomes/,2026-03-29,Investments in small-scale industries could lead to improved incomes,What else caused debate was the release of the artistic impressions of the Nyakisharara airport.,True,,delay_time_overrun,0.0,land_row_dispute,0.17774927616119385,delay_time_overrun,0.5,content_preferred,2026-03
The Observer,https://observer.ug/business/investments-in-small-scale-industries-could-lead-to-improved-incomes/,2026-03-29,Investments in small-scale industries could lead to improved incomes,Some people claimed the airport looked exactly the same as one somewhere in the Middle East.,True,,delay_time_overrun,0.0,delay_time_overrun,0.06329743564128876,delay_time_overrun,0.5158243589103222,agree,2026-03
The Observer,https://observer.ug/business/investments-in-small-scale-industries-could-lead-to-improved-incomes/,2026-03-29,Investments in small-scale industries could lead to improved incomes,The infrastructure is poor enabling only small aircraft to operate at these fields.,True,,delay_time_overrun,0.0,quality_technical_defect,0.1602277159690857,delay_time_overrun,0.5,content_preferred,2026-03
The Observer,https://observer.ug/business/namananga-forest-on-brink-and-race-to-save-it/,2026-03-26,Namananga forest on brink and race to save it,"The Observer At the edge of Kayunga district lies the 459-hectare Namananga forest reserve, a once- thriving ecosystem now heavily degraded by charcoal burning, firewood harvesting, and encroachment for construction.",True,,delay_time_overrun,0.0,land_row_dispute,0.13672620058059692,delay_time_overrun,0.5,content_preferred,2026-03
The Observer,https://observer.ug/business/namananga-forest-on-brink-and-race-to-save-it/,2026-03-26,Namananga forest on brink and race to save it,"In an effort to restore the degraded landscape, the National Forestry Authority (NFA), in partnership with Uganda Breweries Limited (UBL) and Rotary Club, has launched a Shs 372 million forest restoration project aimed at planting 80,000 indigenous trees.",True,,delay_time_overrun,0.9052723675939475,land_row_dispute,0.14078646898269653,delay_time_overrun,0.9052723675939475,content_preferred,2026-03
The Observer,https://observer.ug/business/namananga-forest-on-brink-and-race-to-save-it/,2026-03-26,Namananga forest on brink and race to save it,The trees we plant today will do far more than grow into forests.,True,,delay_time_overrun,0.0,delay_time_overrun,0.1159665659070015,delay_time_overrun,0.5289916414767504,agree,2026-03
The Observer,https://observer.ug/business/namananga-forest-on-brink-and-race-to-save-it/,2026-03-26,Namananga forest on brink and race to save it,"A small seed becomes a tree, a stream becomes a river, and small actions taken together create lasting change,” she said. “As we plant trees, we are doing something simple yet powerful investing in the future of our environment and the well-being of communities that depend on it.” She noted that the company’s operations are closely tied to Uganda’s natural resources, including water and agricultural inputs such as barley, sorghum, and maize, all of which depend on a healthy ecosystem. “True conservation succeeds when organizations, businesses, and communities work together, including the dedicated eco-champions and local communities who protect these forests every day,” she added.",True,,delay_time_overrun,0.0,land_row_dispute,0.20580139756202698,land_row_dispute,0.5,semantic_override,2026-03
New Vision,https://www.newvision.co.ug/category/agriculture/kasana-luweero-diocese-launches-climate-chang-NV_231584_042026,2026-04-10,"Kasana Luweero Diocese launches climate change adaptation, mitigation project","________________ The Catholic church has been commended for being a powerful community mobiliser capable of influencing values, behaviours, and development pathways.",True,,delay_time_overrun,0.0,governance_oversight_failure,0.16174426674842834,delay_time_overrun,0.5,content_preferred,2026-04
New Vision,https://www.newvision.co.ug/category/agriculture/kasana-luweero-diocese-launches-climate-chang-NV_231584_042026,2026-04-10,"Kasana Luweero Diocese launches climate change adaptation, mitigation project","The Catholic church is not only a spiritual authority, but also a powerful mobiliser of communities capable of influencing values, behaviours, and development pathways, a senior government official said in Luweero on Thursday.",True,,delay_time_overrun,0.0,governance_oversight_failure,0.19687822461128235,delay_time_overrun,0.5,content_preferred,2026-04
New Vision,https://www.newvision.co.ug/category/agriculture/kasana-luweero-diocese-launches-climate-chang-NV_231584_042026,2026-04-10,"Kasana Luweero Diocese launches climate change adaptation, mitigation project","Edward Ddamulira Sengonzi, who is the accounting officer /undersecretary, Ministry of Finance, Planning and Economic Development, made the remarks while closing a one-day conference on economic empowerment of small holder farmers in low-emission agricultural production and sustainable renewable energy.",True,,delay_time_overrun,0.0,payment_financial_dispute,0.18252769112586975,delay_time_overrun,0.5,content_preferred,2026-04
New Vision,https://www.newvision.co.ug/category/agriculture/kasana-luweero-diocese-launches-climate-chang-NV_231584_042026,2026-04-10,"Kasana Luweero Diocese launches climate change adaptation, mitigation project","Edward Ddamulira Sengonzi exchanges gifts with Kasana Luweero Catholic Bishop Lawrence Mukasa. (Photo by Frederick Kiwanuka) The conference, whose theme was "" productive use of renewable energy for profitable and low-emission farming in Uganda"" , was organised by Karitas Kasanaensis, a social development arm of Kasana Luweero Catholic diocese.",True,,delay_time_overrun,0.0,land_row_dispute,0.10161607712507248,delay_time_overrun,0.5,content_preferred,2026-04
New Vision,https://www.newvision.co.ug/category/agriculture/kasana-luweero-diocese-launches-climate-chang-NV_231584_042026,2026-04-10,"Kasana Luweero Diocese launches climate change adaptation, mitigation project","The function synchronised with the launch of a climate change adaptation and mitigation project, which is to be spearheaded by Karitas Kasana Luweero Catholic diocese.",True,,delay_time_overrun,0.9052723675939475,delay_time_overrun,0.15710431337356567,delay_time_overrun,0.7655941702418783,agree,2026-04
New Vision,https://www.newvision.co.ug/category/agriculture/kasana-luweero-diocese-launches-climate-chang-NV_231584_042026,2026-04-10,"Kasana Luweero Diocese launches climate change adaptation, mitigation project",Sengonzi said the Catholic Church holds a unique position in guiding society towards responsible stewardship of creation that is grounded in faith and moral responsibility.,True,,delay_time_overrun,0.0,governance_oversight_failure,0.11215202510356903,delay_time_overrun,0.5,content_preferred,2026-04
New Vision,https://www.newvision.co.ug/category/agriculture/kasana-luweero-diocese-launches-climate-chang-NV_231584_042026,2026-04-10,"Kasana Luweero Diocese launches climate change adaptation, mitigation project","Sengonzi, who is also the Vision Group board chairman, said the Catholic church has played a transformative role by promoting sustainable land use, supporting planting, encouraging adoption of clean energy technologies and even participating in emerging opportunities, such as carbon markets.",True,,delay_time_overrun,0.0,governance_oversight_failure,0.10077551007270813,delay_time_overrun,0.5,content_preferred,2026-04
New Vision,https://www.newvision.co.ug/category/agriculture/kasana-luweero-diocese-launches-climate-chang-NV_231584_042026,2026-04-10,"Kasana Luweero Diocese launches climate change adaptation, mitigation project","He said the conference, which brought together farmers, development partners, government officials and the clergy, was timely because climate change had become a serious economic and macro fiscal risk.",True,,delay_time_overrun,0.0,delay_time_overrun,0.2100079208612442,delay_time_overrun,0.552501980215311,agree,2026-04
New Vision,https://www.newvision.co.ug/category/agriculture/kasana-luweero-diocese-launches-climate-chang-NV_231584_042026,2026-04-10,"Kasana Luweero Diocese launches climate change adaptation, mitigation project","""Climate change is not only an environmental concern, but a serious economic and macro fiscal risk,"" he said.",True,,delay_time_overrun,0.0,payment_financial_dispute,0.13624754548072815,delay_time_overrun,0.5,content_preferred,2026-04
New Vision,https://www.newvision.co.ug/category/agriculture/kasana-luweero-diocese-launches-climate-chang-NV_231584_042026,2026-04-10,"Kasana Luweero Diocese launches climate change adaptation, mitigation project","Quoting the country climate and development report, Sengonzi said Uganda annually spends over USD 140 million on climate change-related issues.",True,,delay_time_overrun,0.0,land_row_dispute,0.13620400428771973,delay_time_overrun,0.5,content_preferred,2026-04
New Vision,https://www.newvision.co.ug/category/agriculture/kasana-luweero-diocese-launches-climate-chang-NV_231584_042026,2026-04-10,"Kasana Luweero Diocese launches climate change adaptation, mitigation project","He said the increased frequency of climate change shocks like droughts, floods, and landslides was eroding people's livelihoods and reversing development gains.",True,,delay_time_overrun,0.0,contract_management_failure,0.18210095167160034,delay_time_overrun,0.5,content_preferred,2026-04
New Vision,https://www.newvision.co.ug/category/agriculture/kasana-luweero-diocese-launches-climate-chang-NV_231584_042026,2026-04-10,"Kasana Luweero Diocese launches climate change adaptation, mitigation project","""It is therefore fitting that today's dialogue focuses on the intersection of renewable energy, agriculture and climate resilience,"" Sengonzi said.",True,,delay_time_overrun,0.0,land_row_dispute,0.10222936421632767,delay_time_overrun,0.5,content_preferred,2026-04
New Vision,https://www.newvision.co.ug/category/agriculture/kasana-luweero-diocese-launches-climate-chang-NV_231584_042026,2026-04-10,"Kasana Luweero Diocese launches climate change adaptation, mitigation project","He said productive use of renewable energy, through solar irrigation, agro processing and clean cooking, offers a pathway to increase agricultural productivity, reduce emissions and enhance household incomes.",True,,delay_time_overrun,0.0,payment_financial_dispute,0.04523004591464996,delay_time_overrun,0.5,content_preferred,2026-04
New Vision,https://www.newvision.co.ug/category/agriculture/kasana-luweero-diocese-launches-climate-chang-NV_231584_042026,2026-04-10,"Kasana Luweero Diocese launches climate change adaptation, mitigation project","""This is not only a technical solution, but also an economic and moral imperative,"" he said.",True,,delay_time_overrun,0.0,contract_management_failure,0.1166987493634224,delay_time_overrun,0.5,content_preferred,2026-04
New Vision,https://www.newvision.co.ug/category/agriculture/kasana-luweero-diocese-launches-climate-chang-NV_231584_042026,2026-04-10,"Kasana Luweero Diocese launches climate change adaptation, mitigation project","Sengonzi said his ministry had, in response to the climate change crisis, established a climate finance unit (CFU) to mobilise climate change finance, ensure efficient allocation of the mobilised finances and utilisation, as well as strengthen coordination between the government and partners.",True,,delay_time_overrun,0.0,payment_financial_dispute,0.12037843465805054,delay_time_overrun,0.5,content_preferred,2026-04
New Vision,https://www.newvision.co.ug/category/agriculture/kasana-luweero-diocese-launches-climate-chang-NV_231584_042026,2026-04-10,"Kasana Luweero Diocese launches climate change adaptation, mitigation project","At the sector level, Sengonzi said the government had established the clean cooking unit within the Ministry of Energy and Mineral Development to promote access to clean and efficient energy technologies.",True,,delay_time_overrun,0.0,governance_oversight_failure,0.06829644739627838,delay_time_overrun,0.5,content_preferred,2026-04
New Vision,https://www.newvision.co.ug/category/agriculture/kasana-luweero-diocese-launches-climate-chang-NV_231584_042026,2026-04-10,"Kasana Luweero Diocese launches climate change adaptation, mitigation project","He said the measure was particularly critical for rural households where reliance on traditional biomass contributes to deforestation, health risks, and low productivity.",True,,delay_time_overrun,0.0,governance_oversight_failure,0.09659036248922348,delay_time_overrun,0.5,content_preferred,2026-04
New Vision,https://www.newvision.co.ug/category/agriculture/kasana-luweero-diocese-launches-climate-chang-NV_231584_042026,2026-04-10,"Kasana Luweero Diocese launches climate change adaptation, mitigation project","In other measures, Sengonzi said the government had capitalised the Uganda development bank with significant resources to finance green investments.",True,,delay_time_overrun,0.0,governance_oversight_failure,0.13045944273471832,delay_time_overrun,0.5,content_preferred,2026-04
New Vision,https://www.newvision.co.ug/category/agriculture/kasana-luweero-diocese-launches-climate-chang-NV_231584_042026,2026-04-10,"Kasana Luweero Diocese launches climate change adaptation, mitigation project",He said this was in addition to mobilising over USD 504m from external sources to support mitigation and adaptation efforts across key sectors.,True,,delay_time_overrun,0.0,governance_oversight_failure,0.15564599633216858,delay_time_overrun,0.5,content_preferred,2026-04
New Vision,https://www.newvision.co.ug/category/agriculture/kasana-luweero-diocese-launches-climate-chang-NV_231584_042026,2026-04-10,"Kasana Luweero Diocese launches climate change adaptation, mitigation project",Kasana Luweero Catholic bishop Lawrence Mukasa said there was a need to promote mindset change so that the communities can embrace sustainable practices and technologies.,True,,delay_time_overrun,0.0,governance_oversight_failure,0.0805424153804779,delay_time_overrun,0.5,content_preferred,2026-04
New Vision,https://www.newvision.co.ug/category/agriculture/kasana-luweero-diocese-launches-climate-chang-NV_231584_042026,2026-04-10,"Kasana Luweero Diocese launches climate change adaptation, mitigation project","Mukasa said that issues like: affordability, equitable participation and access to information, which were raised during the conference, should be addressed so as to achieve meaningful progress.",True,,delay_time_overrun,0.0,governance_oversight_failure,0.2152840495109558,governance_oversight_failure,0.5,semantic_override,2026-04
New Vision,https://www.newvision.co.ug/category/agriculture/kasana-luweero-diocese-launches-climate-chang-NV_231584_042026,2026-04-10,"Kasana Luweero Diocese launches climate change adaptation, mitigation project","The national pastoral coordinator of the Uganda episcopal conference, Fr.",True,,delay_time_overrun,0.0,governance_oversight_failure,0.0955159068107605,delay_time_overrun,0.5,content_preferred,2026-04
New Vision,https://www.newvision.co.ug/category/agriculture/kasana-luweero-diocese-launches-climate-chang-NV_231584_042026,2026-04-10,"Kasana Luweero Diocese launches climate change adaptation, mitigation project","John Baptist Kaganda, said that caring for the environment was among the basic values of the catholic Christian faith.",True,,delay_time_overrun,0.0,land_row_dispute,0.03796154633164406,delay_time_overrun,0.5,content_preferred,2026-04
New Vision,https://www.newvision.co.ug/category/agriculture/kasana-luweero-diocese-launches-climate-chang-NV_231584_042026,2026-04-10,"Kasana Luweero Diocese launches climate change adaptation, mitigation project","""The environment is God-given, and we must use it responsibly.",True,,delay_time_overrun,0.0,governance_oversight_failure,0.08416776359081268,delay_time_overrun,0.5,content_preferred,2026-04
New Vision,https://www.newvision.co.ug/category/agriculture/kasana-luweero-diocese-launches-climate-chang-NV_231584_042026,2026-04-10,"Kasana Luweero Diocese launches climate change adaptation, mitigation project","Environmental destruction is hence morally wrong,"" he said, quoting messages issued by the successive popes.",True,,delay_time_overrun,0.0,payment_financial_dispute,0.09959850460290909,delay_time_overrun,0.5,content_preferred,2026-04
New Vision,https://www.newvision.co.ug/category/agriculture/kasana-luweero-diocese-launches-climate-chang-NV_231584_042026,2026-04-10,"Kasana Luweero Diocese launches climate change adaptation, mitigation project",Kaganda said the Catholic Church considers climate change as one of the basic challenges facing humanity.,True,,delay_time_overrun,0.0,governance_oversight_failure,0.13333898782730103,delay_time_overrun,0.5,content_preferred,2026-04
New Vision,https://www.newvision.co.ug/category/agriculture/kasana-luweero-diocese-launches-climate-chang-NV_231584_042026,2026-04-10,"Kasana Luweero Diocese launches climate change adaptation, mitigation project","A farmer’s representative, Robert Mayengo, said farm production had more than tripled after switching to solar energy.",True,,delay_time_overrun,0.0,contract_management_failure,0.11292733997106552,delay_time_overrun,0.5,content_preferred,2026-04
New Vision,https://www.newvision.co.ug/category/agriculture/kasana-luweero-diocese-launches-climate-chang-NV_231584_042026,2026-04-10,"Kasana Luweero Diocese launches climate change adaptation, mitigation project","""I used to earn only 4m per acre of cabbage, but now I am earning between shillings 10 and 16m per acre,"" Mayengo said.",True,,delay_time_overrun,0.0,land_row_dispute,0.07272323966026306,delay_time_overrun,0.5,content_preferred,2026-04
New Vision,https://www.newvision.co.ug/category/agriculture/kasana-luweero-diocese-launches-climate-chang-NV_231584_042026,2026-04-10,"Kasana Luweero Diocese launches climate change adaptation, mitigation project","Mayengo said that apart from increased production, the use of renewable energy sources, like solar, has many other advantages, like environmental protection and preservation of soil nutrients.",True,,delay_time_overrun,0.0,payment_financial_dispute,0.0058427657932043076,delay_time_overrun,0.5,content_preferred,2026-04
New Vision,https://www.newvision.co.ug/category/agriculture/kasana-luweero-diocese-launches-climate-chang-NV_231584_042026,2026-04-10,"Kasana Luweero Diocese launches climate change adaptation, mitigation project","He, however, said that solar installation costs were too high for most farmers.",True,,delay_time_overrun,0.0,payment_financial_dispute,0.1972510814666748,delay_time_overrun,0.5,content_preferred,2026-04
New Vision,https://www.newvision.co.ug/category/agriculture/kasana-luweero-diocese-launches-climate-chang-NV_231584_042026,2026-04-10,"Kasana Luweero Diocese launches climate change adaptation, mitigation project",Edward Ddamulira Sengonzi exchanges gifts with Kasana Luweero Catholic Bishop Lawrence Mukasa. (Photo by Frederick Kiwanuka),True,,delay_time_overrun,0.0,procurement_irregularity,0.08941539376974106,delay_time_overrun,0.5,content_preferred,2026-04
New Vision,https://www.newvision.co.ug/category/agriculture/uganda-to-launch-space-climate-monitoring-cam-NV_231506_042026,2026-04-09,Uganda to launch space climate monitoring camera,"This is a joint project between Uganda, Kenya, and Egypt, supported by the United Nations Office for Outer Space Affairs and Airbus. “It was supposed to be launched on April 8, but because of some weather conditions, tomorrow it will be launched.",True,,delay_time_overrun,0.9052723675939475,delay_time_overrun,0.1963798999786377,delay_time_overrun,0.7754130668931463,agree,2026-04
New Vision,https://www.newvision.co.ug/category/agriculture/uganda-to-launch-space-climate-monitoring-cam-NV_231506_042026,2026-04-09,Uganda to launch space climate monitoring camera,"It will be launched tomorrow, (April 10), and it is going to be taken to the International Space Station, where we expect it to be commissioned in August,” Dr Monica Musenero, the Minister for Science, Technology and Innovation, said as she opened the National Science Week at Serena Hotel on Thursday (April 9). “Once commissioned, this camera is going to pass over East Africa four times every 24 hours and is going to be able to collect real-time data which we will be able to download at our POMA station, analyse and build interventions to help us manage not just the climate but also the associated scares like what we had in Kiteezi, and this will help us to prevent disasters,” she added.",True,,delay_time_overrun,0.0,delay_time_overrun,0.2052495777606964,delay_time_overrun,0.5513123944401741,agree,2026-04
New Vision,https://www.newvision.co.ug/category/agriculture/uganda-to-launch-space-climate-monitoring-cam-NV_231506_042026,2026-04-09,Uganda to launch space climate monitoring camera,"She highlighted that Uganda contributed to the project by training and sponsoring four engineers who helped design parts of the camera at the Egyptian Space Agency, marking the first time Ugandan scientists have directly contributed to building a space technology system. “It shows that Uganda is building its own scientific capacity,” Musenero said.",True,,delay_time_overrun,0.9052723675939475,land_row_dispute,0.11148388683795929,delay_time_overrun,0.9052723675939475,content_preferred,2026-04
New Vision,https://www.newvision.co.ug/category/agriculture/kabarole-mandatory-fmd-vaccination-to-boost-l-NV_231502_042026,2026-04-09,"Kabarole mandatory FMD vaccination to boost livestock health, exports","He called upon town clerks, sub-county chiefs, parish chiefs, and extension workers to work as a unified team in mobilising farmers and ensuring the smooth implementation of the programme.",True,,delay_time_overrun,0.0,land_row_dispute,0.15019084513187408,delay_time_overrun,0.5,content_preferred,2026-04
New Vision,https://www.newvision.co.ug/category/agriculture/uganda-seeks-win-win-solutions-as-livestock-e-NV_231479_042026,2026-04-09,Uganda seeks ‘win-win’ solutions as livestock emissions come under focus,"He revealed that the National Agricultural Research Organisation is leading efforts under a World Bank-funded project to develop a national measurement, reporting, and verification system to track emissions more accurately.",True,,delay_time_overrun,0.9052723675939475,governance_oversight_failure,0.17275060713291168,delay_time_overrun,0.9052723675939475,content_preferred,2026-04
New Vision,https://www.newvision.co.ug/category/agriculture/farmers-urged-to-lead-climate-action-as-lives-NV_231417_042026,2026-04-08,Farmers urged to lead climate action as livestock emissions face scrutiny,"He also highlighted the need for improved manure management, describing it as a major but often overlooked source of emissions. “With the right infrastructure and knowledge, manure can be better managed to reduce emissions while producing organic fertiliser to improve soil fertility,” he added.",True,,delay_time_overrun,0.0,delay_time_overrun,0.06723549216985703,delay_time_overrun,0.5168088730424643,agree,2026-04
New Vision,https://www.newvision.co.ug/category/agriculture/farmers-urged-to-lead-climate-action-as-lives-NV_231417_042026,2026-04-08,Farmers urged to lead climate action as livestock emissions face scrutiny,"Tracking livestock emissions Zziwa revealed that Uganda is working to establish a Monitoring, Reporting and Verification (MRV) system for the livestock sector, with support from the World Bank and implementation under the Ministry of Agriculture, Animal Industry and Fisheries.",True,,delay_time_overrun,0.0,payment_financial_dispute,0.13523879647254944,delay_time_overrun,0.5,content_preferred,2026-04
New Vision,https://www.newvision.co.ug/category/agriculture/kikuube-residents-want-lasting-solution-to-ab-NV_231379_042026,2026-04-07,Kikuube residents want lasting solution to abandoned gold site,"__________________ Residents of Kirimbi and Mugabi villages in Mussaijamukulu parish, Buhimba sub-county in Kikuube district, are demanding that the National Environment Management Authority (NEMA) restore an abandoned gold exploration site.",True,,delay_time_overrun,0.0,land_row_dispute,0.22069892287254333,land_row_dispute,0.5,semantic_override,2026-04
New Vision,https://www.newvision.co.ug/category/agriculture/kikuube-residents-want-lasting-solution-to-ab-NV_231379_042026,2026-04-07,Kikuube residents want lasting solution to abandoned gold site,"The site, located in Kirimbi and Mugabi villages in Mussaijamukulu parish, was excavated and later abandoned by Mechanised Agro (U) Limited.",True,,delay_time_overrun,0.0,land_row_dispute,0.16094690561294556,delay_time_overrun,0.5,content_preferred,2026-04
New Vision,https://www.newvision.co.ug/category/agriculture/kikuube-residents-want-lasting-solution-to-ab-NV_231379_042026,2026-04-07,Kikuube residents want lasting solution to abandoned gold site,"The open pond was created in 2020 after tycoon Joseph Garuhanga leased 10 acres of land to Mechanised Agro (U) Limited, which began operations after receiving approval through a certificate from NEMA.",True,,delay_time_overrun,0.0,land_row_dispute,0.1564709097146988,delay_time_overrun,0.5,content_preferred,2026-04
New Vision,https://www.newvision.co.ug/category/agriculture/kikuube-residents-want-lasting-solution-to-ab-NV_231379_042026,2026-04-07,Kikuube residents want lasting solution to abandoned gold site,"A NEMA official carrying out an assessment of the abandoned gold exploration site. (Photo by Peter Abaanabasazi) NEMA issued a certificate of approval of environmental and social impact assessment (NEMA/ESIA/13264) on March 17, 2020, valid for two years.",True,,delay_time_overrun,0.0,land_row_dispute,0.16245850920677185,delay_time_overrun,0.5,content_preferred,2026-04
New Vision,https://www.newvision.co.ug/category/agriculture/kikuube-residents-want-lasting-solution-to-ab-NV_231379_042026,2026-04-07,Kikuube residents want lasting solution to abandoned gold site,"However, Mechanised Agro (U) Limited abandoned the site after six months of operation without restoring it, contrary to requirements.",True,,delay_time_overrun,0.0,land_row_dispute,0.26076701283454895,land_row_dispute,0.5,semantic_override,2026-04
New Vision,https://www.newvision.co.ug/category/agriculture/kikuube-residents-want-lasting-solution-to-ab-NV_231379_042026,2026-04-07,Kikuube residents want lasting solution to abandoned gold site,"Following a story in New Vision of March 12, 2026, highlighting how the site had turned into a death trap, a team of NEMA officials led by Cypriano Nsabimana, the mid-western region inspector, visited on March 13, 2026, and assessed the area.",True,,delay_time_overrun,0.0,delay_time_overrun,0.2071804702281952,delay_time_overrun,0.5517951175570488,agree,2026-04
New Vision,https://www.newvision.co.ug/category/agriculture/kikuube-residents-want-lasting-solution-to-ab-NV_231379_042026,2026-04-07,Kikuube residents want lasting solution to abandoned gold site,"Three days after the assessment, NEMA officials returned and cordoned off the site with tape, leaving behind an open pond filled with water.",True,,delay_time_overrun,0.0,land_row_dispute,0.20265772938728333,land_row_dispute,0.5,semantic_override,2026-04
New Vision,https://www.newvision.co.ug/category/agriculture/kikuube-residents-want-lasting-solution-to-ab-NV_231379_042026,2026-04-07,Kikuube residents want lasting solution to abandoned gold site,"Residents have opposed the move, arguing that cordoning off the area is insufficient given the size and danger posed by the pond.",True,,delay_time_overrun,0.0,land_row_dispute,0.3264378011226654,land_row_dispute,0.5,semantic_override,2026-04
New Vision,https://www.newvision.co.ug/category/agriculture/kikuube-residents-want-lasting-solution-to-ab-NV_231379_042026,2026-04-07,Kikuube residents want lasting solution to abandoned gold site,"Deadly pond Speaking to New Vision on April 3, 2026, Sepiriya Kyalingonza, the chairman of Mugabi village, said the site remains a serious threat to the community and requires full restoration.",True,,delay_time_overrun,0.0,land_row_dispute,0.14847123622894287,delay_time_overrun,0.5,content_preferred,2026-04
New Vision,https://www.newvision.co.ug/category/agriculture/kikuube-residents-want-lasting-solution-to-ab-NV_231379_042026,2026-04-07,Kikuube residents want lasting solution to abandoned gold site,He noted that the pond has so far claimed seven lives and called for fencing or proper restoration to prevent further tragedy.,True,,delay_time_overrun,0.0,land_row_dispute,0.2053326666355133,land_row_dispute,0.5,semantic_override,2026-04
New Vision,https://www.newvision.co.ug/category/agriculture/kikuube-residents-want-lasting-solution-to-ab-NV_231379_042026,2026-04-07,Kikuube residents want lasting solution to abandoned gold site,"Joseph Garuhanga, the landlord, also demanded that NEMA restore the land to ensure community safety.",True,,delay_time_overrun,0.0,land_row_dispute,0.23355844616889954,land_row_dispute,0.5,semantic_override,2026-04
New Vision,https://www.newvision.co.ug/category/agriculture/kikuube-residents-want-lasting-solution-to-ab-NV_231379_042026,2026-04-07,Kikuube residents want lasting solution to abandoned gold site,"He said he leased the land on the understanding that the company would restore it, but it left before doing so, rendering the land unusable.",True,,delay_time_overrun,0.0,land_row_dispute,0.2841634750366211,land_row_dispute,0.5,semantic_override,2026-04
New Vision,https://www.newvision.co.ug/category/agriculture/kikuube-residents-want-lasting-solution-to-ab-NV_231379_042026,2026-04-07,Kikuube residents want lasting solution to abandoned gold site,"Garuhanga added that as a livestock farmer, he has lost more than five cows which drowned in the pond, estimated to cover one and a half acres and reach a depth of about 60 feet.",True,,delay_time_overrun,0.0,land_row_dispute,0.12279431521892548,delay_time_overrun,0.5,content_preferred,2026-04
New Vision,https://www.newvision.co.ug/category/agriculture/kikuube-residents-want-lasting-solution-to-ab-NV_231379_042026,2026-04-07,Kikuube residents want lasting solution to abandoned gold site,"Naome Karekaho, head of corporate communications at NEMA, said cordoning off the site was a temporary measure, noting that full restoration requires significant funding and time.",True,,delay_time_overrun,0.0,land_row_dispute,0.2289080172777176,land_row_dispute,0.5,semantic_override,2026-04
New Vision,https://www.newvision.co.ug/category/agriculture/kikuube-residents-want-lasting-solution-to-ab-NV_231379_042026,2026-04-07,Kikuube residents want lasting solution to abandoned gold site,Cypriano Nsabimana NEMA mid-western region inspector (right) sharing with Joseph Garuhanga who rented 10 acres of land to Mechanized AGRO (U) Limited. (Photo by Peter Abaanabasazi) She added that NEMA is investigating the company responsible for the exploration activities so that it can be held accountable for failing to restore the site.,True,,delay_time_overrun,0.0,land_row_dispute,0.1902335286140442,delay_time_overrun,0.5,content_preferred,2026-04
New Vision,https://www.newvision.co.ug/category/agriculture/kikuube-residents-want-lasting-solution-to-ab-NV_231379_042026,2026-04-07,Kikuube residents want lasting solution to abandoned gold site,"However, she said NEMA is considering restoration but must first secure funding.",True,,delay_time_overrun,0.0,land_row_dispute,0.18087086081504822,delay_time_overrun,0.5,content_preferred,2026-04
New Vision,https://www.newvision.co.ug/category/agriculture/kikuube-residents-want-lasting-solution-to-ab-NV_231379_042026,2026-04-07,Kikuube residents want lasting solution to abandoned gold site,"The existence of the site came to wider public attention following the death of four family members, a mother and her three children.",True,,delay_time_overrun,0.0,quality_technical_defect,0.08287374675273895,delay_time_overrun,0.5,content_preferred,2026-04
New Vision,https://www.newvision.co.ug/category/agriculture/kikuube-residents-want-lasting-solution-to-ab-NV_231379_042026,2026-04-07,Kikuube residents want lasting solution to abandoned gold site,"The incident occurred on March 2, 2026, involving Harriet Tumusiime, 32, wife of Charles Mbabazi, and her children Joy Alinaitwe, four years, Philbert Akonyora, six months, and Travin Ahumuza, two years.",True,,delay_time_overrun,0.0,contract_management_failure,0.13410088419914246,delay_time_overrun,0.5,content_preferred,2026-04
New Vision,https://www.newvision.co.ug/category/agriculture/kikuube-residents-want-lasting-solution-to-ab-NV_231379_042026,2026-04-07,Kikuube residents want lasting solution to abandoned gold site,A NEMA official carrying out an assessment of the abandoned gold exploration site. (Photo by Peter Abaanabasazi) Cypriano Nsabimana NEMA mid-western region inspector (right) sharing with Joseph Garuhanga who rented 10 acres of land to Mechanized AGRO (U) Limited. (Photo by Peter Abaanabasazi),True,,delay_time_overrun,0.0,land_row_dispute,0.16269369423389435,delay_time_overrun,0.5,content_preferred,2026-04
New Vision,https://www.newvision.co.ug/category/business/museveni-approves-ugandas-wooden-crockery-NV_231622_042026,2026-04-11,Museveni approves Uganda's wooden crockery,"Museveni's posts via X read: ""Fellow Ugandans, especially the Bazzukulu, following a scientific assessment by our CBRN team, I have written to Matongo Wood Works Company confirming that traditional wooden food containers made from omunyama (mahogany) and omusisa (albizia) are safe and durable.",True,,quality_technical_defect,0.9999999979297525,procurement_irregularity,0.037972986698150635,quality_technical_defect,0.9999999979297525,content_preferred,2026-04
New Vision,https://www.newvision.co.ug/category/business/museveni-approves-ugandas-wooden-crockery-NV_231622_042026,2026-04-11,Museveni approves Uganda's wooden crockery,"It is time to consciously revive and promote them as part of building a self-reliant and modern Ugandan economy."" Wooden Plates. (Courtesy) Currently, the Ministry of Gender, Labour and Social Development is implementing the Chemical Safety and Security Project (CHESASE) to manage Chemical, Biological, Radiological, and Nuclear (CBRN) risks in the industrial and health sectors.",True,,delay_time_overrun,0.9052723675939475,governance_oversight_failure,0.1481337696313858,delay_time_overrun,0.9052723675939475,content_preferred,2026-04
New Vision,https://www.newvision.co.ug/category/business/museveni-approves-ugandas-wooden-crockery-NV_231622_042026,2026-04-11,Museveni approves Uganda's wooden crockery,"Last year, President Museveni hosted a delegation from Matongo Wood Works led by Ms Stella Teromu and her partner, Ms Elizabeth Karunga.",True,,quality_technical_defect,0.9999999979297525,procurement_irregularity,0.10110323131084442,quality_technical_defect,0.9999999979297525,content_preferred,2026-04
New Vision,https://www.newvision.co.ug/category/business/museveni-approves-ugandas-wooden-crockery-NV_231622_042026,2026-04-11,Museveni approves Uganda's wooden crockery,"They were strong, durable and part of our identity,” he added while appreciating Matongo Wood Works for ‘modernising traditional craftsmanship without losing authenticity.’ Matongo Wood Works Company Limited's website states that the firm in Naalya, Kampala city suburbs, produces wooden and clay household items inspired by ancestral African designs adapted for modern living.",True,,quality_technical_defect,0.9999999979297525,land_row_dispute,0.0941077321767807,quality_technical_defect,0.9999999979297525,content_preferred,2026-04
New Vision,https://www.newvision.co.ug/category/news/museveni-outlines-priorities-to-expand-uganda-NV_231600_042026,2026-04-11,Museveni outlines priorities to expand Uganda’s economy tenfold,"He further pointed to key infrastructure investments, including high-speed rail, the metre gauge railway, and energy systems to support industrialisation, as well as industrial parks and export processing zones.",True,,delay_time_overrun,0.0,delay_time_overrun,0.12279648333787918,delay_time_overrun,0.5306991208344698,agree,2026-04
New Vision,https://www.newvision.co.ug/category/news/museveni-outlines-priorities-to-expand-uganda-NV_231600_042026,2026-04-11,Museveni outlines priorities to expand Uganda’s economy tenfold,"Other priority areas include investment in the creative industry, preparations for the African Cup of Nations (AFCON), and infrastructure development in the Greater Kampala Metropolitan Area.",True,,delay_time_overrun,0.0,delay_time_overrun,0.20457299053668976,delay_time_overrun,0.5511432476341724,agree,2026-04
New Vision,https://www.newvision.co.ug/category/business/minister-musenero-rallies-women-entrepreneurs-NV_231543_042026,2026-04-10,Minister Musenero rallies women entrepreneurs to embrace technology,Monica Musenero has reiterated government deliberate steps to strengthen the innovation ecosystem and bridge gaps between policy and practi c e.,True,,delay_time_overrun,0.0,governance_oversight_failure,0.23401953279972076,governance_oversight_failure,0.5,semantic_override,2026-04
New Vision,https://www.newvision.co.ug/category/business/minister-musenero-rallies-women-entrepreneurs-NV_231543_042026,2026-04-10,Minister Musenero rallies women entrepreneurs to embrace technology,"She noted that the Women in Tech programme aligns with Uganda’s national priorities as it contributes directly to building a knowledge-based economy and advancing the country’s broader economic transformation agenda. “We have established dedicated structures, including an economic unit for Science, Technology and Innovation metrics, to bridge the gap between policy and knowledge.",True,,delay_time_overrun,0.0,governance_oversight_failure,0.11896997690200806,delay_time_overrun,0.5,content_preferred,2026-04
New Vision,https://www.newvision.co.ug/category/business/imf-to-cut-global-growth-forecast-due-to-mide-NV_231530_042026,2026-04-10,IMF to cut global growth forecast due to Mideast war,"Georgieva said that -- even in the fund's ""most hopeful scenario"" -- spiraling energy costs, infrastructure damage, supply disruptions and a loss of market confidence meant growth would be less than expected.",True,,delay_time_overrun,0.0,delay_time_overrun,0.16166383028030396,delay_time_overrun,0.540415957570076,agree,2026-04
New Vision,https://www.newvision.co.ug/category/business/shilling-trades-firmer-on-thursday-NV_231520_042026,2026-04-09,Shilling trades firmer on Thursday,"In the near term, market analysts project that the shilling will continue trading within the 3660–3800 range.",True,,delay_time_overrun,0.9052723675939475,delay_time_overrun,0.13323287665843964,delay_time_overrun,0.7596263110630967,agree,2026-04
New Vision,https://www.newvision.co.ug/category/business/bou-to-secure-global-custodian-for-gold-reser-NV_231516_042026,2026-04-09,BOU to secure global custodian for gold reserves – governor,This comes after the central bank finalised deals with EuroGold Refinery Ltd and Feldstein Trading Limited to start buying gold locally. “These are the two gold refineries that have been licensed by BOU.,True,,delay_time_overrun,0.0,payment_financial_dispute,0.1519969403743744,delay_time_overrun,0.5,content_preferred,2026-04
New Vision,https://www.newvision.co.ug/category/business/npa-partners-launch-ug-catalyst-summit-to-acc-NV_231480_042026,2026-04-09,"NPA, partners launch UG Catalyst Summit to accelerate enterprise-led growth under NDP IV","__________________ The National Planning Authority, in partnership with Innovation Village Hub, has officially launched the UG Catalyst Summit, a national execution platform designed to accelerate the delivery of Uganda’s growth agenda under the National Development Plan IV (NDP IV), with enterprise at the centre of implementation.",True,,delay_time_overrun,0.0,governance_oversight_failure,0.21041902899742126,governance_oversight_failure,0.5,semantic_override,2026-04
New Vision,https://www.newvision.co.ug/category/business/afro-arab-youth-council-inks-partnerships-to-NV_231469_042026,2026-04-09,Afro-Arab Youth Council inks partnerships to boost youth empowerment,"At the same venue, the National Youth Council also signed its MOU with AAYC, with NYC chairperson Jacob Eyeru welcoming the partnership while stressing the need for implementation. “This partnership should not remain on paper.",True,,delay_time_overrun,0.0,land_row_dispute,0.17983900010585785,delay_time_overrun,0.5,content_preferred,2026-04
New Vision,https://www.newvision.co.ug/category/business/afro-arab-youth-council-inks-partnerships-to-NV_231469_042026,2026-04-09,Afro-Arab Youth Council inks partnerships to boost youth empowerment,"In a separate ceremony at UNAFRI headquarters in Naguru, AAYC signed another MOU focused on cooperation in crime prevention, research, and youth rehabilitation.",True,,delay_time_overrun,0.0,land_row_dispute,0.1465541124343872,delay_time_overrun,0.5,content_preferred,2026-04
